Date,Resident,Visitor,Permanent Migration
2000-01-01,107433,164577,NA
2000-02-01,74200,189225,NA
2000-03-01,77275,152535,NA
2000-04-01,115600,143760,NA
2000-05-01,99330,98802,NA
2000-06-01,99132,97164,NA
2000-07-01,144975,130545,NA
2000-08-01,112104,117264,NA
2000-09-01,112925,113355,NA
2000-10-01,144560,144928,NA
2000-11-01,106470,176176,NA
2000-12-01,74331,241264,NA
2001-01-01,130890,196460,NA
2001-02-01,80163,192848,NA
2001-03-01,82053,175797,NA
2001-04-01,112698,152881,NA
2001-05-01,98831,110396,NA
2001-06-01,106191,111852,NA
2001-07-01,144099,144075,NA
2001-08-01,114175,136635,NA
2001-09-01,131075,130875,NA
2001-10-01,138645,141661,NA
2001-11-01,91750,163830,NA
2001-12-01,68931,236572,NA
2002-01-01,128526,196371,NA
2002-02-01,73656,205938,NA
2002-03-01,80360,200574,NA
2002-04-01,105786,142817,NA
2002-05-01,91248,116438,NA
2002-06-01,104512,114140,NA
2002-07-01,138996,151725,NA
2002-08-01,124072,132640,NA
2002-09-01,127800,135555,NA
2002-10-01,145656,160344,NA
2002-11-01,101864,193626,NA
2002-12-01,72000,262440,NA
2003-01-01,134244,215510,NA
2003-02-01,81620,217062,NA
2003-03-01,82824,189316,NA
2003-04-01,102154,149440,NA
2003-05-01,93403,102440,NA
2003-06-01,104958,111452,NA
2003-07-01,145292,145368,NA
2003-08-01,126171,134861,NA
2003-09-01,141648,147808,NA
2003-10-01,155150,164407,NA
2003-11-01,119944,207879,NA
2003-12-01,86976,291060,NA
2004-01-01,156940,240325,NA
2004-02-01,108221,234906,NA
2004-03-01,105028,210945,NA
2004-04-01,135842,184128,NA
2004-05-01,127736,132426,NA
2004-06-01,136318,133952,NA
2004-07-01,193140,170580,NA
2004-08-01,166560,149534,NA
2004-09-01,175860,159520,NA
2004-10-01,186434,178920,NA
2004-11-01,133052,213129,NA
2004-12-01,99750,306050,NA
2005-01-01,185796,242614,NA
2005-02-01,115328,243320,NA
2005-03-01,123550,231200,NA
2005-04-01,144500,172824,NA
2005-05-01,145464,134121,NA
2005-06-01,145522,154717,NA
2005-07-01,206788,166608,NA
2005-08-01,178963,149667,NA
2005-09-01,166368,162250,NA
2005-10-01,218295,174363,NA
2005-11-01,132627,208633,NA
2005-12-01,100940,302050,NA
2006-01-01,188316,243854,NA
2006-02-01,128512,245982,NA
2006-03-01,110352,219259,NA
2006-04-01,152128,190366,NA
2006-05-01,138375,134742,NA
2006-06-01,143220,138492,NA
2006-07-01,208624,165960,NA
2006-08-01,163680,154917,NA
2006-09-01,176948,166173,NA
2006-10-01,208288,184536,NA
2006-11-01,140704,221782,NA
2006-12-01,102636,315302,NA
2007-01-01,194142,241276,NA
2007-02-01,122793,260705,NA
2007-03-01,121704,235267,NA
2007-04-01,156255,189773,NA
2007-05-01,151396,139644,NA
2007-06-01,158485,144115,NA
2007-07-01,220796,172248,NA
2007-08-01,174208,163944,NA
2007-09-01,186615,167532,NA
2007-10-01,221628,177928,NA
2007-11-01,151640,221064,NA
2007-12-01,109261,312039,NA
2008-01-01,195156,242846,NA
2008-02-01,131043,272228,NA
2008-03-01,133070,244725,NA
2008-04-01,132600,178512,NA
2008-05-01,167550,140000,NA
2008-06-01,165764,139802,NA
2008-07-01,203456,174072,NA
2008-08-01,181216,161062,NA
2008-09-01,173745,156262,NA
2008-10-01,216478,171528,NA
2008-11-01,151264,212740,NA
2008-12-01,110186,313335,NA
2009-01-01,190988,235480,NA
2009-02-01,121704,248055,NA
2009-03-01,122366,222240,NA
2009-04-01,149024,193204,NA
2009-05-01,144816,140886,NA
2009-06-01,154140,133452,NA
2009-07-01,200442,174892,NA
2009-08-01,182993,159936,NA
2009-09-01,174437,171339,NA
2009-10-01,215127,185840,NA
2009-11-01,154077,218040,NA
2009-12-01,108743,335097,NA
2010-01-01,191724,250908,NA
2010-02-01,122955,261050,NA
2010-03-01,126936,239538,NA
2010-04-01,154700,186600,NA
2010-05-01,149100,139800,NA
2010-06-01,158820,144660,NA
2010-07-01,217566,181824,NA
2010-08-01,190368,167332,NA
2010-09-01,183552,172986,NA
2010-10-01,231525,182075,NA
2010-11-01,154350,222000,NA
2010-12-01,119262,338343,NA
2011-01-01,202240,260700,NA
2011-02-01,129360,263350,NA
2011-03-01,131560,214260,NA
2011-04-01,157182,196656,NA
2011-05-01,174300,139160,NA
2011-06-01,163170,130360,NA
2011-07-01,226746,175264,NA
2011-08-01,213200,175488,NA
2011-09-01,175058,218576,NA
2011-10-01,203736,210960,NA
2011-11-01,165984,227232,NA
2011-12-01,124072,354848,NA
2012-01-01,218400,259744,NA
2012-02-01,143442,253824,NA
2012-03-01,136916,236336,NA
2012-04-01,178386,194240,NA
2012-05-01,158158,140016,NA
2012-06-01,172874,150368,NA
2012-07-01,245544,172368,NA
2012-08-01,188604,177184,NA
2012-09-01,196066,178064,NA
2012-10-01,237536,182800,NA
2012-11-01,160628,229488,NA
2012-12-01,126750,355504,NA
2013-01-01,222196,251168,NA
2013-02-01,130572,271248,NA
2013-03-01,140244,263600,NA
2013-04-01,158236,198944,NA
2013-05-01,178568,152000,NA
2013-06-01,176254,158688,NA
2013-07-01,239096,183168,NA
2013-08-01,209664,188416,NA
2013-09-01,205478,190544,NA
2013-10-01,240500,193600,NA
2013-11-01,168532,244480,NA
2013-12-01,132522,373200,NA
2014-01-01,227266,284112,NA
2014-02-01,141648,292608,NA
2014-03-01,151632,248080,NA
2014-04-01,164814,223392,NA
2014-05-01,191256,159984,NA
2014-06-01,180882,161472,NA
2014-07-01,246012,196368,NA
2014-08-01,215566,188480,NA
2014-09-01,208390,192432,NA
2014-10-01,253292,207760,NA
2014-11-01,181740,265392,NA
2014-12-01,135174,395264,NA
2015-01-01,245856,297968,NA
2015-02-01,141622,332032,NA
2015-03-01,162266,288464,NA
2015-04-01,194350,236016,NA
2015-05-01,183664,175984,NA
2015-06-01,199550,176048,NA
2015-07-01,264732,207440,NA
2015-08-01,231062,202336,NA
2015-09-01,217620,216320,NA
2015-10-01,269984,228864,NA
2015-11-01,191828,294512,NA
2015-12-01,142376,437344,NA
2016-01-01,258856,334944,NA
2016-02-01,154310,359088,NA
2016-03-01,158548,332848,NA
2016-04-01,184808,250688,NA
2016-05-01,203658,189424,NA
2016-06-01,204906,191936,NA
2016-07-01,275288,233024,NA
2016-08-01,237178,216752,NA
2016-09-01,228829,238608,NA
2016-10-01,282220,252768,NA
2016-11-01,199168,316816,NA
2016-12-01,150310,466128,NA
2017-01-01,275451,353712,NA
2017-02-01,172512,342560,NA
2017-03-01,169516,321712,NA
2017-04-01,213644,295888,NA
2017-05-01,209576,200384,NA
2017-06-01,210887,218016,NA
2017-07-01,286534,234640,NA
2017-08-01,241272,223648,NA
2017-09-01,232746,239936,NA
2017-10-01,291114,251328,NA
2017-11-01,203857,335232,NA
2017-12-01,157482,475280,NA
2018-01-01,295840,348208,NA
2018-02-01,165431,384416,NA
2018-03-01,173145,362992,NA
2018-04-01,217612,266368,NA
2018-05-01,215726,209632,NA
2018-06-01,225320,201424,NA
2018-07-01,314976,237536,NA
2018-08-01,258446,234640,NA
2018-09-01,256265,244368,NA
2018-10-01,303318,263088,NA
2018-11-01,NA,356841,NA
2018-12-01,162279,500415,NA
2019-01-01,297570,375747,NA
2019-02-01,172893,389607,NA
2019-05-01,NA,210042,NA
2019-06-01,NA,205452,NA
2019-07-01,326991,246069,NA
2019-08-01,264342,241863,NA
2019-09-01,NA,250335,NA
2019-10-01,270165,NA,NA
2019-11-01,NA,353913,NA
2019-12-01,NA,517968,NA
2020-01-01,NA,401268,NA
2020-02-01,183324,358953,NA
2020-03-01,114882,161877,NA
2020-05-01,2316,1263,NA
2020-06-01,NA,2157,NA
2020-07-01,NA,2055,NA
2020-08-01,2925,2739,NA
2020-09-01,2523,3234,NA
2020-10-01,2676,3819,NA
2020-11-01,2310,3966,NA
2020-12-01,2451,4560,NA
2021-01-01,3318,4158,NA
2021-02-01,NA,4332,NA
2021-04-01,9069,NA,NA
2021-05-01,27210,54156,NA
2021-06-01,28392,48558,NA
2021-07-01,35250,27564,NA
2021-08-01,NA,1791,NA
2021-10-01,NA,2934,6
2021-11-01,NA,4191,NA
2021-12-01,3879,4890,NA
2022-01-01,NA,3252,NA
2022-02-01,NA,4092,NA
2022-03-01,NA,25761,NA
2022-04-01,NA,50307,3
2022-05-01,NA,65268,3
2022-06-01,NA,85452,6
2022-07-01,NA,123504,9
2022-08-01,NA,119724,NA
2022-09-01,NA,141663,NA
2022-10-01,198090,NA,NA
2022-11-01,167070,215757,15
2022-12-01,NA,336210,NA
2023-01-01,218469,246495,3
2023-02-01,143877,243222,9
2023-03-01,NA,235677,9
2023-04-01,200058,205719,3
2023-05-01,NA,147669,3
2023-06-01,202755,163362,3
2023-07-01,268905,197148,3
2023-08-01,232008,190512,NA
2023-09-01,236415,207246,NA
2023-10-01,291582,203739,NA
2023-11-01,210246,272565,NA
2023-12-01,157773,383661,NA
2024-01-01,303621,296583,NA
2024-02-01,185871,325518,3
2024-03-01,175470,306144,15
2024-04-01,229959,208404,6
2024-05-01,210459,162915,NA
2024-06-01,223740,170838,3
2024-07-01,298590,205185,NA
2024-08-01,242112,198786,NA
2024-09-01,248106,210657,NA
2024-10-01,305142,223377,NA
2024-11-01,219789,301152,NA
2024-12-01,173082,444954,NA
2025-01-01,312357,350016,NA
2025-02-01,191031,333162,NA
2025-06-01,237573,173628,NA
2025-08-01,245142,215016,NA
2025-09-01,267864,234000,NA
2025-10-01,301266,246219,3
2025-11-01,234498,328770,NA
2025-12-01,189129,477609,3
2026-01-01,328791,364938,NA
2026-02-01,173652,383184,NA
2026-03-01,198732,340809,3
2026-04-01,234414,273708,NA
